gene,allele,population,n_samples,n_chromosomes,allele_count,frequency_pct,ci_low_pct,ci_high_pct
CYP3A5,*1,YRI,108,216,118,54.63,47.97,61.13
CYP3A5,*1,ESN,99,198,132,66.67,59.84,72.86
CYP3A5,*1,GWD,113,226,107,47.35,40.93,53.84
CYP3A5,*1,MSL,85,170,100,58.82,51.31,65.95
CYP3A5,*1,LWK,99,198,103,52.02,45.09,58.87
CYP3A5,*1,ACB,96,192,101,52.6,45.56,59.55
CYP3A5,*1,ASW,61,122,63,51.64,42.86,60.32
CYP3A5,*7,YRI,108,216,26,12.04,8.35,17.05
CYP3A5,*7,ESN,99,198,17,8.59,5.43,13.32
CYP3A5,*7,GWD,113,226,31,13.72,9.83,18.81
CYP3A5,*7,MSL,85,170,23,13.53,9.19,19.48
CYP3A5,*7,LWK,99,198,23,11.62,7.87,16.83
CYP3A5,*7,ACB,96,192,21,10.94,7.27,16.14
CYP3A5,*7,ASW,61,122,15,12.3,7.59,19.3
CYP2D6,*17,YRI,108,216,56,25.93,20.54,32.15
CYP2D6,*17,ESN,99,198,51,25.76,20.17,32.27
CYP2D6,*17,GWD,113,226,40,17.7,13.28,23.2
CYP2D6,*17,MSL,85,170,48,28.24,22.01,35.43
CYP2D6,*17,LWK,99,198,40,20.2,15.2,26.34
CYP2D6,*17,ACB,96,192,40,20.83,15.69,27.12
CYP2D6,*17,ASW,61,122,18,14.75,9.54,22.12
CYP2D6,*29,YRI,108,216,24,11.11,7.58,16.0
CYP2D6,*29,ESN,99,198,16,8.08,5.03,12.72
CYP2D6,*29,GWD,113,226,31,13.72,9.83,18.81
CYP2D6,*29,MSL,85,170,16,9.41,5.88,14.74
CYP2D6,*29,LWK,99,198,34,17.17,12.56,23.04
CYP2D6,*29,ACB,96,192,20,10.42,6.84,15.54
CYP2D6,*29,ASW,61,122,5,4.1,1.76,9.24
CYP2B6,*6,YRI,108,216,87,40.28,33.96,46.93
CYP2B6,*6,ESN,99,198,82,41.41,34.78,48.38
CYP2B6,*6,GWD,113,226,80,35.4,29.46,41.83
CYP2B6,*6,MSL,85,170,60,35.29,28.51,42.73
CYP2B6,*6,LWK,99,198,71,35.86,29.51,42.75
CYP2B6,*6,ACB,96,192,73,38.02,31.45,45.06
CYP2B6,*6,ASW,61,122,43,35.25,27.34,44.06
CYP2B6,*18,YRI,108,216,25,11.57,7.96,16.53
CYP2B6,*18,ESN,99,198,13,6.57,3.88,10.91
CYP2B6,*18,GWD,113,226,22,9.73,6.52,14.3
CYP2B6,*18,MSL,85,170,14,8.24,4.97,13.35
CYP2B6,*18,LWK,99,198,12,6.06,3.5,10.29
CYP2B6,*18,ACB,96,192,11,5.73,3.23,9.97
CYP2B6,*18,ASW,61,122,12,9.84,5.72,16.41
CYP2C9,*8,YRI,108,216,11,5.09,2.87,8.89
CYP2C9,*8,ESN,99,198,15,7.58,4.64,12.12
CYP2C9,*8,GWD,113,226,4,1.77,0.69,4.46
CYP2C9,*8,MSL,85,170,6,3.53,1.63,7.49
CYP2C9,*8,LWK,99,198,14,7.07,4.26,11.52
CYP2C9,*8,ACB,96,192,16,8.33,5.19,13.11
CYP2C9,*8,ASW,61,122,4,3.28,1.28,8.13
CYP2C19,*9,YRI,108,216,1,0.46,0.08,2.58
CYP2C19,*9,ESN,99,198,2,1.01,0.28,3.61
CYP2C19,*9,GWD,113,226,3,1.33,0.45,3.83
CYP2C19,*9,MSL,85,170,3,1.76,0.6,5.06
CYP2C19,*9,LWK,99,198,2,1.01,0.28,3.61
CYP2C19,*9,ACB,96,192,1,0.52,0.09,2.89
CYP2C19,*9,ASW,61,122,1,0.82,0.14,4.5
NAT2,*14,YRI,108,216,25,11.57,7.96,16.53
NAT2,*14,ESN,99,198,25,12.63,8.7,17.97
NAT2,*14,GWD,113,226,32,14.16,10.21,19.31
NAT2,*14,MSL,85,170,12,7.06,4.08,11.93
NAT2,*14,LWK,99,198,18,9.09,5.83,13.91
NAT2,*14,ACB,96,192,15,7.81,4.79,12.49
NAT2,*14,ASW,61,122,9,7.38,3.93,13.43
