Gene	Allele	Aggregate_AF	ACB_AF	ACB_CI_Low	ACB_CI_High	ACB_N	ASW_AF	ASW_CI_Low	ASW_CI_High	ASW_N	ESN_AF	ESN_CI_Low	ESN_CI_High	ESN_N	GWD_AF	GWD_CI_Low	GWD_CI_High	GWD_N	LWK_AF	LWK_CI_Low	LWK_CI_High	LWK_N	MSL_AF	MSL_CI_Low	MSL_CI_High	MSL_N	YRI_AF	YRI_CI_Low	YRI_CI_High	YRI_N	Max_Pop	Min_Pop	Gradient	Crosses_1pct
CYP2D6	*17	0.2216	0.2083	0.1569	0.2712	96	0.1475	0.0954	0.2212	61	0.2576	0.2017	0.3227	99	0.1770	0.1328	0.2320	113	0.2020	0.1520	0.2634	99	0.2824	0.2201	0.3543	85	0.2593	0.2054	0.3215	108	MSL	ASW	0.1348	False
CYP2D6	*29	0.1104	0.1042	0.0684	0.1554	96	0.0410	0.0176	0.0924	61	0.0808	0.0503	0.1272	99	0.1372	0.0983	0.1881	113	0.1717	0.1256	0.2304	99	0.0941	0.0588	0.1474	85	0.1111	0.0758	0.1600	108	LWK	ASW	0.1307	False
CYP2D6	*45	0.0000	0.0000	0.0000	0.0196	96	0.0000	0.0000	0.0305	61	0.0000	0.0000	0.0190	99	0.0000	0.0000	0.0167	113	0.0000	0.0000	0.0190	99	0.0000	0.0000	0.0221	85	0.0000	0.0000	0.0175	108	YRI	ACB	0.0000	False
CYP2B6	*18	0.0825	0.0573	0.0323	0.0997	96	0.0984	0.0572	0.1641	61	0.0657	0.0388	0.1091	99	0.0973	0.0652	0.1430	113	0.0606	0.0350	0.1029	99	0.0824	0.0497	0.1335	85	0.1157	0.0796	0.1653	108	YRI	ACB	0.0584	False
CYP2B6	*6	0.3752	0.3802	0.3145	0.4506	96	0.3525	0.2734	0.4406	61	0.4141	0.3478	0.4838	99	0.3540	0.2946	0.4183	113	0.3586	0.2951	0.4275	99	0.3529	0.2851	0.4273	85	0.4028	0.3396	0.4693	108	ESN	ASW	0.0617	False
CYP2C19	*9	0.0098	0.0052	0.0009	0.0289	96	0.0082	0.0014	0.0450	61	0.0101	0.0028	0.0361	99	0.0133	0.0045	0.0383	113	0.0101	0.0028	0.0361	99	0.0176	0.0060	0.0506	85	0.0046	0.0008	0.0258	108	MSL	YRI	0.0130	True
NAT2	*14	0.1029	0.0781	0.0479	0.1249	96	0.0738	0.0393	0.1343	61	0.1263	0.0870	0.1797	99	0.1416	0.1021	0.1931	113	0.0909	0.0583	0.1391	99	0.0706	0.0408	0.1193	85	0.1157	0.0796	0.1653	108	GWD	MSL	0.0710	False
CYP3A5	*1	0.6657	0.6354	0.5653	0.7002	96	0.6393	0.5511	0.7191	61	0.7525	0.6880	0.8074	99	0.6106	0.5457	0.6718	113	0.6364	0.5674	0.7002	99	0.7235	0.6519	0.7853	85	0.6667	0.6014	0.7261	108	ESN	GWD	0.1419	False
CYP2C9	*8	0.0530	0.0833	0.0519	0.1311	96	0.0328	0.0128	0.0813	61	0.0758	0.0464	0.1212	99	0.0177	0.0069	0.0446	113	0.0707	0.0426	0.1152	99	0.0353	0.0163	0.0749	85	0.0509	0.0287	0.0889	108	ACB	GWD	0.0656	False
